{"cameraMode":{"drawMode":0,"name":"Shaded","section":"Shading Mode"},"sceneLighting":true,"audioPlay":false,"sceneViewState":{"showFog":true,"showMaterialUpdate":false,"showSkybox":true,"showFlares":true,"showImageEffects":true,"showParticleSystems":true},"in2DMode":false,"pivot":{"x":0.06506772339344025,"y":4.748023509979248,"z":-6.242598056793213},"rotation":{"x":-0.11365161091089249,"y":0.04200911521911621,"z":-0.004809876903891563,"w":-0.9926205277442932},"size":0.14211583137512208,"orthographic":false}