{"cameraMode":{"drawMode":0,"name":"Shaded","section":"Shading Mode"},"sceneLighting":true,"audioPlay":false,"sceneViewState":{"showFog":false,"showMaterialUpdate":false,"showSkybox":false,"showFlares":false,"showImageEffects":false,"showParticleSystems":false},"in2DMode":false,"pivot":{"x":330.8780822753906,"y":164.92474365234376,"z":-6.41143798828125},"rotation":{"x":0.0134993065148592,"y":-0.002999537158757448,"z":-0.000040422841266263276,"w":-0.9999043941497803},"size":628.6800537109375,"orthographic":false}